{"options":{"check_for_updates":false,"comment":null,"compatopts_for_requires":true,"compat_wrappedjsobject":false,"compat_metadata":false,"compat_foreach":false,"compat_prototypes":false,"noframes":null,"run_at":null,"override":{"use_includes":[],"orig_includes":[],"merge_includes":true,"use_matches":[],"orig_matches":["https://mp.weixin.qq.com/cgi-bin/appmsg?t=media/appmsg_edit&action=edit*","https://mp.weixin.qq.com/cgi-bin/appmsg?t=media/appmsg_edit_v2&action=edit*","https://mp.toutiao.com/profile_v4/graphic/publish*","https://om.qq.com/main/creation/article*"],"merge_matches":true,"use_excludes":[],"orig_excludes":[],"merge_excludes":true,"use_connects":[],"merge_connects":true,"use_blockers":[],"orig_run_at":"document-idle","orig_noframes":null,"orig_connects":[]}},"settings":{"enabled":true,"position":119},"meta":{"name":"小确幸大生活（内容助手）","uuid":"d9f18e39-197a-49bf-870e-bcf995ba072c","modified":1635213171287}}