{"options":{"check_for_updates":false,"comment":null,"compat_foreach":false,"compat_metadata":false,"compat_prototypes":false,"compat_wrappedjsobject":false,"compatopts_for_requires":true,"noframes":null,"override":{"merge_connects":true,"merge_excludes":true,"merge_includes":true,"merge_matches":true,"orig_connects":[],"orig_excludes":[],"orig_includes":[],"orig_matches":["http://vacations.ctrip.com/tour/detail/*","https://vacations.ctrip.com/tour/detail/*"],"orig_noframes":null,"orig_run_at":"document-idle","use_blockers":[],"use_connects":[],"use_excludes":[],"use_includes":[],"use_matches":[]},"run_at":null},"settings":{"enabled":true,"position":11},"meta":{"name":"携程-度假-自由行","uuid":"3c7f7512-cf8d-4a69-bb78-0b6037559b86","modified":1635743149415}}