{"options":{"check_for_updates":false,"comment":null,"compat_foreach":false,"compat_metadata":false,"compat_prototypes":false,"compat_wrappedjsobject":false,"compatopts_for_requires":true,"noframes":null,"override":{"merge_connects":true,"merge_excludes":true,"merge_includes":true,"merge_matches":true,"orig_connects":[],"orig_excludes":[],"orig_includes":[],"orig_matches":["https://vacations.ctrip.com/customtravel/hhtravel/tourlineDetail?lineId=*","http://vacations.ctrip.com/customtravel/hhtravel/tourlineDetail?lineId=*"],"orig_noframes":null,"orig_run_at":"document-idle","use_blockers":[],"use_connects":[],"use_excludes":[],"use_includes":[],"use_matches":[]},"run_at":null},"settings":{"enabled":true,"position":121},"meta":{"name":"携程-鸿鹄高端定制","uuid":"8fcf010d-88d3-4df6-a194-5e20bd454990","modified":1635736465944}}