{"options":{"check_for_updates":false,"comment":null,"compat_foreach":false,"compat_metadata":false,"compat_prototypes":false,"compat_wrappedjsobject":false,"compatopts_for_requires":true,"noframes":null,"override":{"merge_connects":true,"merge_excludes":true,"merge_includes":true,"merge_matches":true,"orig_connects":[],"orig_excludes":[],"orig_includes":[],"orig_matches":["http://hotels.ctrip.com/hotels/detail/?hotelId=*","https://hotels.ctrip.com/hotels/detail/?hotelId=*"],"orig_noframes":null,"orig_run_at":"document-idle","use_blockers":[],"use_connects":[],"use_excludes":[],"use_includes":[],"use_matches":[]},"run_at":null},"settings":{"enabled":true,"position":115},"meta":{"name":"携程-酒店-v2","uuid":"eac08b3a-b4fe-485e-b7cc-f0b3e589f839","modified":1638856356916}}