{"options":{"check_for_updates":false,"comment":null,"compat_foreach":false,"compat_metadata":false,"compat_prototypes":false,"compat_wrappedjsobject":false,"compatopts_for_requires":true,"noframes":null,"override":{"merge_connects":true,"merge_excludes":true,"merge_includes":true,"merge_matches":true,"orig_connects":[],"orig_excludes":[],"orig_includes":[],"orig_matches":["https://mp.weixin.qq.com/cgi-bin/appmsg?t=media/appmsg_edit&action=edit*","https://mp.weixin.qq.com/cgi-bin/appmsg?t=media/appmsg_edit_v2&action=edit*","https://mp.toutiao.com/profile_v4/graphic/publish*","https://om.qq.com/main/creation/article*"],"orig_noframes":null,"orig_run_at":"document-idle","use_blockers":[],"use_connects":[],"use_excludes":[],"use_includes":[],"use_matches":[]},"run_at":null},"settings":{"enabled":true,"position":119},"meta":{"name":"小确幸大生活（内容助手）","uuid":"d9f18e39-197a-49bf-870e-bcf995ba072c","modified":1635742827403}}