{"options":{"check_for_updates":false,"comment":null,"compat_foreach":false,"compat_metadata":false,"compat_prototypes":false,"compat_wrappedjsobject":false,"compatopts_for_requires":true,"noframes":null,"override":{"merge_connects":true,"merge_excludes":true,"merge_includes":true,"merge_matches":true,"orig_connects":[],"orig_excludes":[],"orig_includes":[],"orig_matches":["https://vacations.ctrip.com/travel/detail/*","http://vacations.ctrip.com/travel/detail/*","http://hotels.ctrip.com/hotels/*","https://hotels.ctrip.com/hotels/*","https://vacations.ctrip.com/customtravel/hhtravel/tourlineDetail?lineId=*","http://vacations.ctrip.com/customtravel/hhtravel/tourlineDetail?lineId=*","https://huodong.ctrip.com/ottd-activity/dest/*.html*","https://activity.ctrip-ttd.hk/ottd-activity/dest/*.html*","https://detail.tmall.com/item.htm*","https://detail.tmall.hk/hk/item.htm*","https://item.jd.com/*","https://traveldetail.fliggy.com/item.htm?*","https://item.taobao.com/item.htm?*","https://detail.vip.com/*","http://detail.vip.com/*","https://goods.kaola.com.hk/product/*","https://goods.kaola.com/product/*","http://you.163.com/item/detail?id=*","https://you.163.com/item/detail?id=*","http://vacations.lvmama.com/w/*","https://www.ly.com/scenery/BookSceneryTicket_*","https://www.ly.com/youlun/tours-*","https://*.package.qunar.com/user/id=*","https://*.package.qunar.com/user/detail.jsp?id=*","https://*.package.qunar.com/user/detail.jsp?abt=a&id=*","http://www.aoyou.com/cruise/c*","http://www.aoyou.com/domesticgroup/*","https://www.1919.cn/p/*","https://product.suning.com/*"],"orig_noframes":null,"orig_run_at":"document-idle","use_blockers":[],"use_connects":[],"use_excludes":[],"use_includes":[],"use_matches":[]},"run_at":null},"settings":{"enabled":true,"position":120},"meta":{"name":"小确幸大生活（选品助手）","uuid":"81e294a2-9768-418c-afde-8a4cc573fbad","modified":1638237792431}}